K,model,scenario,Recall,NDCG,ColdRate,Coverage,PopularityBias,Fairness,Novelty,Diversity,CalibrationBias
3,TopPop,NA,0.06714307088693777,0.06956247054410453,0.0,0.04705882352941178,3.6909355140653685e-06,0.9975586053236625,14.955988799687583,0.0,17.420185298581405
3,MF,NA,0.04898448852321342,0.05239547735849053,0.0,0.3411764705882353,0.015749869257858262,0.890387217536524,14.38611265224281,0.0,17.420185298581405
3,VAECF,NA,0.05655260186925962,0.058799828756041665,0.0,0.7333333333333331,0.012067902975199453,0.8784413105156565,14.362779868915245,0.0,17.420185298581405
3,BPR,NA,0.06673675600869301,0.06827118840844122,0.0,0.04313725490196078,0.0,0.9975823081845979,14.956116141338693,0.0,17.420185298581405
