K,model,scenario,Recall,NDCG,ColdRate,Coverage,PopularityBias,Fairness,Novelty,Diversity,CalibrationBias
5,VBPR,visual_max,0.08328378789559776,0.0671784932229441,0.0,0.827450980392157,0.01006494755967862,0.7755565568596656,14.400115087216811,0.0,17.929775889970998
