K,model,scenario,Recall,NDCG,ColdRate,Coverage,PopularityBias,Fairness,Novelty,Diversity,CalibrationBias
5,AMR,visual_max,0.07359619008389143,0.05859611830286677,0.0,1.0,0.022094625262285488,0.7106697366690408,14.169638475170082,0.0,17.929775889971005
