K,model,scenario,Recall,NDCG,ColdRate,Coverage,PopularityBias,Fairness,Novelty,Diversity,CalibrationBias
5,VBPR,visual_max,0.08749847412339412,0.06966633431235746,0.0,0.8470588235294119,0.010051297550961043,0.7243783912108069,14.267281394491205,0.0,17.929775889970998
