K,model,scenario,Recall,NDCG,ColdRate,Coverage,PopularityBias,Fairness,Novelty,Diversity,CalibrationBias
3,VBPR,visual_max,0.054046619134971545,0.056489810731061435,0.0,0.8000000000000002,0.009752471152306194,0.8442731185524676,14.232878980100747,0.0,17.420185298581405
