K,model,scenario,Recall,NDCG,ColdRate,Coverage,PopularityBias,Fairness,Novelty,Diversity,CalibrationBias
5,VBPR,visual_max,0.0833376767619312,0.06684284945015757,0.0,0.8823529411764709,0.015015971039319691,0.7439079422351521,14.266085348750314,0.0,17.929775889970998
