K,model,scenario,Recall,NDCG,ColdRate,Coverage,PopularityBias,Fairness,Novelty,Diversity,CalibrationBias
3,VBPR,visual_max,0.05241476194033175,0.055204752770701915,0.0,0.8000000000000002,0.009371407871216809,0.8862409973616312,14.423548448395744,0.0,17.420185298581405
