K,model,scenario,Recall,NDCG,ColdRate,Coverage,PopularityBias,Fairness,Novelty,Diversity,CalibrationBias
5,VBPR,visual_max,0.08237618762117761,0.06588786883807515,0.0,0.7843137254901962,0.016994192454927677,0.6975042757961617,14.106681747257303,0.0,17.929775889970998
