K,model,scenario,Recall,NDCG,ColdRate,Coverage,PopularityBias,Fairness,Novelty,Diversity,CalibrationBias
5,VBPR,visual_max,0.08332128375222267,0.06654567340734228,0.0,0.8941176470588238,0.007997653287713714,0.7973173856437481,14.460061401931634,0.0,17.929775889970998
