K,model,scenario,Recall,NDCG,ColdRate,Coverage,PopularityBias,Fairness,Novelty,Diversity,CalibrationBias
3,VBPR,visual_max,0.05314544497551324,0.055942392127082144,0.0,0.7372549019607846,0.025233383918077754,0.7826260368729742,13.765077152623325,0.0,17.420185298581405
