K,model,scenario,Recall,NDCG,ColdRate,Coverage,PopularityBias,Fairness,Novelty,Diversity,CalibrationBias
5,VBPR,visual_max,0.08418636245231169,0.06758132633466257,0.0,0.8470588235294119,0.020459025905334216,0.676387148951628,14.046410042116012,0.0,17.929775889971005
