K,model,scenario,Recall,NDCG,ColdRate,Coverage,PopularityBias,Fairness,Novelty,Diversity,CalibrationBias
5,TopPop,NA,0.10673811959410694,0.0848911567530607,0.0,0.058823529411764705,5.31494714025413e-05,0.9968996657896608,14.954282421562688,0.0,17.929775889971005
5,MF,NA,0.07998906584125515,0.06410653302715472,0.0,0.3686274509803923,0.020400163227106232,0.7228052201508222,14.219831680711957,0.0,17.929775889971005
5,VAECF,NA,0.09151679793177453,0.07243993795212114,0.0,0.8000000000000002,0.012203470434380522,0.7790666608402576,14.371227781152829,0.0,17.929775889971005
5,BPR,NA,0.10374355380804276,0.08236500987458896,0.0,0.054901960784313746,0.0,0.9975823081845979,14.956116141338697,0.0,17.929775889971005
