K,model,scenario,Recall,NDCG,ColdRate,Coverage,PopularityBias,Fairness,Novelty,Diversity,CalibrationBias
3,VBPR,visual_max,0.05427916409125967,0.057097982233626735,0.0,0.831372549019608,0.023564683150178185,0.8293774220335485,14.04787938590278,0.0,17.420185298581405
