K,model,scenario,Recall,NDCG,ColdRate,Coverage,PopularityBias,Fairness,Novelty,Diversity,CalibrationBias
3,AMR,visual_max,0.04476432912532963,0.04730337458620266,0.0,0.9882352941176471,0.02366370389508555,0.8339458327518422,14.122857896671471,0.0,17.420185298581405
