K,model,scenario,Recall,NDCG,ColdRate,Coverage,PopularityBias,Fairness,Novelty,Diversity,CalibrationBias
3,VBPR,visual_max,0.05171608965847365,0.05495525865475314,0.0,0.831372549019608,0.015353827145230443,0.863176492723861,14.26080449225026,0.0,17.420185298581405
