K,model,scenario,Recall,NDCG,ColdRate,Coverage,PopularityBias,Fairness,Novelty,Diversity,CalibrationBias
5,VBPR,visual_max,0.08717690157534388,0.06979879764146141,0.0,0.8980392156862748,0.020691652923524206,0.7071246210639118,14.141143588736588,0.0,17.929775889971005
