K,model,scenario,Recall,NDCG,ColdRate,Coverage,PopularityBias,Fairness,Novelty,Diversity,CalibrationBias
5,AMR,visual_max,0.07495070710751903,0.060239798691258006,0.0,1.0,0.013543485221352241,0.8014093466471904,14.415011466987103,0.0,17.929775889970998
