K,model,scenario,Recall,NDCG,ColdRate,Coverage,PopularityBias,Fairness,Novelty,Diversity,CalibrationBias
3,AMR,visual_max,0.046521811822444276,0.049056350020348215,0.0,1.0,0.013161463071351335,0.8952465817147588,14.420684639595416,0.0,17.420185298581405
