K,model,scenario,Recall,NDCG,ColdRate,Coverage,PopularityBias,Fairness,Novelty,Diversity,CalibrationBias
3,VBPR,visual_max,0.052126265416459545,0.054308690525976845,0.0,0.8431372549019609,0.007484991378568287,0.897646190752682,14.483418702788947,0.0,17.420185298581405
