K,model,scenario,Recall,NDCG,ColdRate,Coverage,PopularityBias,Fairness,Novelty,Diversity,CalibrationBias
5,VBPR,visual_max,0.08303224025376127,0.06748412105499224,0.0,0.8039215686274512,0.022178591464156693,0.634444569059238,13.879078515013445,0.0,17.929775889970998
