K,model,scenario,Recall,NDCG,ColdRate,Coverage,PopularityBias,Fairness,Novelty,Diversity,CalibrationBias
5,AMR,visual_max,0.07668311086189562,0.061468322092127374,0.0,1.0,0.01770788645804794,0.768649772425803,14.316545473212036,0.0,17.929775889970998
