K,model,scenario,Recall,NDCG,ColdRate,Coverage,PopularityBias,Fairness,Novelty,Diversity,CalibrationBias
3,VBPR,visual_max,0.05207211750607855,0.055222495055919266,0.0,0.7882352941176471,0.020320447623581706,0.8218395565411909,14.03330018271502,0.0,17.420185298581405
