K,model,scenario,Recall,NDCG,ColdRate,Coverage,PopularityBias,Fairness,Novelty,Diversity,CalibrationBias
3,VBPR,visual_max,0.051702886643709665,0.05390079786001878,0.0,0.7333333333333331,0.01744212232405562,0.8300160876526871,14.0728664318021,0.0,17.420185298581405
