K,model,scenario,Recall,NDCG,ColdRate,Coverage,PopularityBias,Fairness,Novelty,Diversity,CalibrationBias
3,AMR,visual_max,0.05723433518094387,0.060487469768873155,0.0,0.9019607843137257,0.033801546570809034,0.7669219184010403,13.701790264871816,0.0,17.4201852985814
