K,model,scenario,Recall,NDCG,ColdRate,Coverage,PopularityBias,Fairness,Novelty,Diversity,CalibrationBias
5,AMR,visual_max,0.09101254202944153,0.07350116932360881,0.0,0.9647058823529411,0.030138352007617265,0.5915437108725952,13.809654048070534,0.0,17.929775889970998
